Dataset,N,C1_Source,C1_True,C1_False,C2_Correct,C2_Incorrect,Δ_Correct,Δ_Incorrect,DDS,C1_Avg,C2_Avg,Overall,DDS_CI_Lo,DDS_CI_Hi,DDS_SE,DDS_Significant,Δ_Correct_CI_Lo,Δ_Correct_CI_Hi,Δ_Correct_Sig,Δ_Incorrect_CI_Lo,Δ_Incorrect_CI_Hi,Δ_Incorrect_Sig,McN_Correct_pval,McN_Correct_h,McN_Correct_sig,McN_Incorrect_pval,McN_Incorrect_h,McN_Incorrect_sig,DDS_Var,DDS_Mean
advisorqa_gemma-DPO_Speaker1_vs_Speaker2_all,300,baseline,48.333333333333336,59.333333333333336,70.66666666666667,39.666666666666664,22.333333333333336,-19.66666666666667,42.00000000000001,53.833333333333336,55.166666666666664,54.50000000000001,35.33333333333333,49.000000000000014,3.53648155956045,***,17.333333333333343,27.333333333333336,*,-24.333333333333336,-15.333333333333321,*,3.0385816786431356e-64,0,***,3.009265538105056e-36,0,***,0.3702666666666667,0.42
amqa_gemma-DPO_Speaker1_vs_Speaker2_all,240,baseline,62.083333333333336,74.58333333333333,76.25,60.83333333333333,14.166666666666664,-13.75,27.916666666666664,68.33333333333333,68.54166666666667,68.4375,20.41666666666668,35.41666666666667,3.8484028577522333,***,9.583333333333329,19.166666666666664,*,-18.760416666666583,-8.749999999999993,*,1.6313261169996311e-55,0,***,2.2420775429197073e-44,0,***,0.35956597222222214,0.2791666666666667
bbq_gemma-DPO_Speaker1_vs_Speaker2_all,300,baseline,87.0,81.33333333333333,95.66666666666667,62.33333333333333,8.666666666666671,-19.0,27.66666666666667,84.16666666666667,79.0,81.58333333333333,21.66666666666667,33.666666666666664,3.0510168051906152,***,5.666666666666671,12.0,*,-23.999999999999993,-14.0,*,8.043058733543795e-87,0,***,1.0195788231247695e-56,0,***,0.2801222222222223,0.27666666666666667
gpqa_gemma-DPO_Speaker1_vs_Speaker2_all,134,baseline,50.74626865671642,53.73134328358209,73.88059701492537,33.582089552238806,23.134328358208954,-20.149253731343286,43.28358208955224,52.23880597014925,53.73134328358209,52.98507462686567,28.35820895522388,58.20895522388061,7.705720196512261,***,14.179104477611958,32.08955223880597,*,-29.10447761194029,-11.940298507462686,*,3.1554436208840472e-30,0,***,5.684341886080802e-14,0,***,0.7828024058810426,0.43283582089552236
halueval_qa_gemma-DPO_Speaker1_vs_Speaker2_all,300,baseline,84.0,35.0,90.0,27.0,6.0,-8.0,14.0,59.5,58.5,59.0,8.333333333333321,20.000000000000004,3.032926354383026,***,2.666666666666657,9.666666666666657,*,-12.666666666666664,-3.3333333333333357,*,1.0542197943230523e-81,0,***,8.271806125530277e-25,0,***,0.28040000000000004,0.14
harp_mcq_gemma-DPO_Speaker1_vs_Speaker2_all,300,baseline,27.0,71.0,78.0,27.333333333333332,51.0,-43.66666666666667,94.66666666666667,49.0,52.666666666666664,50.83333333333333,84.66666666666666,104.66666666666667,5.13482033830461,***,45.33333333333333,56.99999999999999,*,-49.66666666666666,-37.66666666666668,*,7.24454326306137e-71,0,***,4.1359030627651384e-25,0,***,0.8238222222222222,0.9466666666666667
plausibleqa_gemma-DPO_Speaker1_vs_Speaker2_all,300,baseline,68.33333333333333,36.333333333333336,78.33333333333333,25.333333333333336,10.0,-11.0,21.0,52.33333333333333,51.83333333333333,52.083333333333336,13.999999999999986,28.333333333333336,3.6853593943543097,***,5.333333333333314,15.0,*,-15.333333333333336,-6.666666666666668,*,3.622271631530685e-71,0,***,2.6469779601696886e-23,0,***,0.4125666666666667,0.21
socialiqa_gemma-DPO_Speaker1_vs_Speaker2_all,300,baseline,67.66666666666666,73.0,86.33333333333333,52.666666666666664,18.66666666666667,-20.333333333333336,39.00000000000001,70.33333333333334,69.5,69.91666666666667,32.00000000000002,46.0,3.5242067916057365,***,13.666666666666671,23.66666666666667,*,-25.666666666666657,-15.333333333333329,*,2.1590421387736112e-78,0,***,5.473822126268817e-48,0,***,0.37123333333333336,0.39
truthfulqa_gemma-DPO_Speaker1_vs_Speaker2_all,790,baseline,71.64556962025317,77.84810126582279,86.58227848101265,65.0632911392405,14.936708860759481,-12.784810126582286,27.721518987341767,74.74683544303798,75.82278481012659,75.28481012658229,23.79746835443038,31.64556962025317,2.0116171419325877,***,12.151898734177223,17.59493670886077,*,-15.443037974683548,-10.126582278481024,*,2.491798737774392e-206,0,***,3.7291703656001034e-155,0,***,0.32188591571863484,0.2772151898734177
